{
    "average_all": {
        "rouge1": 0.4339314795040571,
        "rouge2": 0.15541030738604827,
        "rougeL": 0.2052269554653524
    },
    "average_random_100": {
        "rouge1": 0.4339314795040571,
        "rouge2": 0.15541030738604827,
        "rougeL": 0.2052269554653524
    },
    "average_top_100": {
        "rouge1": 0.4339314795040571,
        "rouge2": 0.15541030738604827,
        "rougeL": 0.2052269554653524
    },
    "average_top_200": {
        "rouge1": 0.4339314795040571,
        "rouge2": 0.15541030738604827,
        "rougeL": 0.2052269554653524
    }
}