{
    "加沙是巴勒斯坦人的加沙": {
        "rouge1": {
            "fmeasure": 0.4339314795040571,
            "precision": 0.42628205128205127,
            "recall": 0.4418604651162791
        },
        "rouge2": {
            "fmeasure": 0.15541030738604827,
            "precision": 0.1351010101010101,
            "recall": 0.1829059829059829
        },
        "rougeL": {
            "fmeasure": 0.2052269554653524,
            "precision": 0.16203301476976542,
            "recall": 0.2798199549887472
        }
    }
}