{
    "avg_hit_rate": 0.5909090909090909,
    "avg_random_100": 0.5909090909090909
}